{
  "n_agents": 2,
  "cluster_median": 303.0,
  "nash_prices": [
    325.72499999999974,
    469.64999999999947
  ],
  "nash_price_ratios": [
    1.075,
    1.55
  ],
  "nash_profit_per_agent_step": 0.42138042517491026,
  "monopoly_prices": [
    757.4999999999991,
    340.8749999999997
  ],
  "monopoly_price_ratios": [
    2.5,
    1.125
  ],
  "monopoly_profit_per_agent_step": 0.49569258984746506,
  "n_days_sampled": 26,
  "grid_step_ratio": 0.025,
  "baselines": {
    "random": {
      "profit_per_agent_step": 0.2975566714821439,
      "mean_price_ratio": 0.9374405863847749
    },
    "median_seeker": {
      "profit_per_agent_step": 0.2642477723088025,
      "mean_price_ratio": 0.8022049691340337
    },
    "anchor": {
      "profit_per_agent_step": 0.31534246575342467,
      "mean_price_ratio": 1.0
    }
  },
  "market_listing_ids": [
    4909320,
    1553150358117819622
  ]
}