{
  "architecture": {
    "hidden_dims": [
      256,
      128,
      64
    ],
    "dropout": 0.15,
    "batch_norm": true
  },
  "metrics_test": {
    "log_loss": 0.17954320231419238,
    "pr_auc": 0.15642659712323215,
    "brier": 0.043717962651747176,
    "ece": 0.015578947214695611,
    "prevalence": 0.047456664366615456,
    "mean_predicted": 0.05351919308304787
  },
  "gates": {
    "pr_auc_over_prevalence": {
      "value": 3.296,
      "required": 1.5,
      "passed": true
    },
    "price_monotonicity": {
      "passed": true,
      "worst_increase": -0.0011731751133916106,
      "tolerance": 0.002
    },
    "interior_revenue_peak": {
      "value": 1.1,
      "required_between": [
        0.7,
        2.0
      ],
      "passed": true
    }
  },
  "features": [
    "price_ratio",
    "log_price",
    "market_dispersion",
    "occupancy_recent",
    "review_score",
    "log_reviews",
    "is_superhost",
    "accommodates",
    "room_type_enc",
    "log_min_nights",
    "instant_bookable",
    "log_host_listings",
    "hist_occupancy",
    "log_reviews_rate",
    "sin_doy",
    "cos_doy",
    "sin_dow",
    "cos_dow",
    "is_weekend_night",
    "log_lead"
  ],
  "input_dim": 20,
  "scaler_mean": [
    1.110360113247332,
    4.932800440024044,
    0.29439379154472783,
    0.1065191833291223,
    4.671585603077197,
    2.922000730085906,
    0.32276951791163994,
    3.413582940583063,
    1.6862209096955483,
    1.0820239710870043,
    0.23532218516597345,
    1.964963053755227,
    0.28988638013110773,
    0.8382906712903838,
    -0.4025730927242185,
    0.25302919269823715,
    0.017885330735935963,
    0.016167914891520783,
    0.270403787587076,
    4.0257638558578135
  ],
  "scaler_scale": [
    0.48132707754131093,
    0.6907801822317058,
    0.2080732863235275,
    0.2392144386553332,
    0.461825691252071,
    1.3284527329289921,
    0.4675354063798031,
    1.8893303282895058,
    0.4640277715742481,
    0.5063897340308354,
    0.42420001689613934,
    1.249902120751897,
    0.23674036325439965,
    0.47822896875469073,
    0.5355148543382134,
    0.6979505513566714,
    0.7066348785811222,
    0.7071674848543138,
    0.44416841315613587,
    0.7667914133700114
  ],
  "calibrator": null,
  "price_penalty_beta": -0.4249999999999998
}